No.;f(x);abs(f(x) - F(x*));Constraint Violation;Mean Constraint Violation;FES feasible;FES success
1;715.567;15.567;0.0;0.0;0;3e+06
2;700.0;0;0.0;0.0;0;2.43364e+06
3;715.567;15.567;0.0;0.0;0;3e+06
4;715.567;15.567;0.0;0.0;0;3e+06
5;715.567;15.567;0.0;0.0;0;3e+06
6;715.567;15.567;0.0;0.0;0;3e+06
7;715.567;15.567;0.0;0.0;0;3e+06
8;715.567;15.567;0.0;0.0;0;3e+06
9;715.567;15.567;0.0;0.0;0;3e+06
10;715.567;15.567;0.0;0.0;0;3e+06
11;715.567;15.567;0.0;0.0;0;3e+06
12;715.567;15.567;0.0;0.0;0;3e+06
13;715.567;15.567;0.0;0.0;0;3e+06
14;715.567;15.567;0.0;0.0;0;3e+06
15;715.567;15.567;0.0;0.0;0;3e+06
16;700.0;0;0.0;0.0;0;1.73143e+06
17;715.567;15.567;0.0;0.0;0;3e+06
18;700.0;0;0.0;0.0;0;2.34187e+06
19;700.0;0;0.0;0.0;0;1.85547e+06
20;700.0;0;0.0;0.0;0;2.49771e+06
21;700.0;0;0.0;0.0;0;2.42632e+06
22;715.567;15.567;0.0;0.0;0;3e+06
23;715.567;15.567;0.0;0.0;0;3e+06
24;715.567;15.567;0.0;0.0;0;3e+06
25;715.567;15.567;0.0;0.0;0;3e+06
26;715.567;15.567;0.0;0.0;0;3e+06
27;715.567;15.567;0.0;0.0;0;3e+06
28;715.567;15.567;0.0;0.0;0;3e+06
29;700.0;0;0.0;0.0;0;1.89625e+06
30;715.567;15.567;0.0;0.0;0;3e+06
