No.;f(x);abs(f(x) - F(x*));Constraint Violation;Mean Constraint Violation;FES feasible;FES success
1;0.03952688958936041;0.007313888775360412;0.0;0.0;67690;200000
2;0.03845414645038712;0.00624114563638712;0.0;0.0;96781;200000
3;0.036812824608049376;0.004599823794049378;0.0;0.0;97390;200000
4;0.03958501116952313;0.00737201035552313;0.0;0.0;110449;200000
5;0.035426986360138836;0.003213985546138838;0.0;0.0;95553;200000
6;0.03641202021910997;0.004199019405109972;0.0;0.0;108844;200000
7;0.037212485186716424;0.004999484372716426;0.0;0.0;97390;200000
8;0.03392479856542552;0.00171179775142552;0.0;0.0;99195;200000
9;0.03542152129206116;0.0032085204780611595;0.0;0.0;102134;200000
10;0.0366107080264568;0.004397707212456803;0.0;0.0;99790;200000
11;0.0371826666243057;0.004969665810305703;0.0;0.0;80336;200000
12;0.034209810757970804;0.0019968099439708065;0.0;0.0;80336;200000
13;0.03635279689114806;0.00413979607714806;0.0;0.0;94933;200000
14;0.035685240386255285;0.003472239572255287;0.0;0.0;83821;200000
15;0.03829695498214962;0.006083954168149622;0.0;0.0;93683;200000
16;0.03714076677073184;0.00492776595673184;0.0;0.0;99195;200000
17;0.03332217499954536;0.0011091741855453613;0.0;0.0;97995;200000
18;0.03444502360994758;0.002232022795947579;0.0;0.0;91780;200000
19;0.03425814911060472;0.0020451482966047235;0.0;0.0;106659;200000
20;0.03417158977850639;0.0019585889645063886;0.0;0.0;97995;200000
21;0.035842463664800414;0.003629462850800416;0.0;0.0;96169;200000
22;0.03489632934089058;0.0026833285268905854;0.0;0.0;62104;200000
23;0.03540607457250599;0.003193073758505992;0.0;0.0;108303;200000
24;0.035740134519620076;0.003527133705620078;0.0;0.0;99790;200000
25;0.03539796185485945;0.0031849610408594548;0.0;0.0;100381;200000
