Algorithm;Score1;Score2;Score3;PM
EnMODE;0.006681168488627472;0.006009372798606155;0.0024114084660613964;0.015101949753295024
IMODE;0.032732912773694924;0.02380000703298373;0.015513573711504598;0.07204649351818325
j2020;0.01701013834757935;0.01593069153933527;0.006157426794615431;0.039098256681530046
esCMAgES;0.0774776492586298;0.03182715555029959;0.026249731996336213;0.1355545368052656
AGSK;0.01109095963855079;0.008193297321964624;0.005712273835257498;0.024996530795772912
COLSHADE;0.01788799312331972;0.0023000608852520948;0.0016514455454289532;0.021839499554000767
