Problem;Best;Worst;Mean;Median;Std.;SR
F1;0.0;0.0;0.0;0.0;0.0;100.0
F2;0.0008558481990803557;0.5001635553380765;0.21533146800688882;0.2501090463754281;0.10826070150232202;0.0
F3;0.0;5.929357293467092;5.023268775156968;5.383116480545482;1.3572001034595558;6.666666666666667
F4;0.0004154030903009698;0.12471203671452713;0.04643090474705787;0.0414524304870838;0.031741349172169406;0.0
F5;0.0;0.0;0.0;0.0;0.0;100.0
F8;0.0;0.0;0.0;0.0;0.0;100.0
F9;100.0;100.0;100.0;100.0;0.0;0.0
F10;300.0;347.36691593518754;341.05132714382927;347.36691593518754;16.101655243482018;0.0
