No.;f(x);abs(f(x) - F(x*));Constraint Violation;Mean Constraint Violation;FES feasible;FES success
1;263.89584338;0.0;0.0;0.0;9715;19321
2;263.89584338;0.0;0.0;0.0;9715;18670
3;263.89584338;0.0;0.0;0.0;9715;19806
4;263.89584338;0.0;0.0;0.0;9715;20128
5;263.89584338;0.0;0.0;0.0;9715;19159
6;263.89584338;0.0;0.0;0.0;9715;19806
7;263.89584338;0.0;0.0;0.0;9715;20449
8;263.89584338;0.0;0.0;0.0;9715;18833
9;263.89584338;0.0;0.0;0.0;9715;19321
10;263.89584338;0.0;0.0;0.0;9715;19645
11;263.89584338;0.0;0.0;0.0;9715;19321
12;263.89584338;0.0;0.0;0.0;9715;19321
13;263.89584338;0.0;0.0;0.0;9715;19483
14;263.89584338;0.0;0.0;0.0;9715;19483
15;263.89584338;0.0;0.0;0.0;9715;19645
16;263.89584338;0.0;0.0;0.0;9715;17683
17;263.89584338;0.0;0.0;0.0;9715;19806
18;263.89584338;0.0;0.0;0.0;9715;20449
19;263.89584338;0.0;0.0;0.0;9715;19483
20;263.89584338;0.0;0.0;0.0;9715;20289
21;263.89584338;0.0;0.0;0.0;9715;18996
22;263.89584338;0.0;0.0;0.0;9715;18833
23;263.89584338;0.0;0.0;0.0;9715;19967
24;263.89584338;0.0;0.0;0.0;9715;19483
25;263.89584338;0.0;0.0;0.0;9715;19806
