No.;f(x);abs(f(x) - F(x*));Constraint Violation;Mean Constraint Violation;FES feasible;FES success
0;2897.7428694699875;397.74286946998745;0.0;0;400;1000000
1;2600.00003676258;100.00003676257984;0.0;0;400;1000000
2;2600.0003189299337;100.00031892993366;0.0;0;400;1000000
3;2897.7428694699875;397.74286946998745;0.0;0;400;1000000
4;2897.7428694699875;397.74286946998745;0.0;0;400;1000000
5;2897.7428694699875;397.74286946998745;0.0;0;400;1000000
6;2897.7428694699875;397.74286946998745;0.0;0;400;1000000
7;2897.7428694699875;397.74286946998745;0.0;0;400;1000000
8;2897.7428694699875;397.74286946998745;0.0;0;400;1000000
9;2897.7428694699875;397.74286946998745;0.0;0;400;1000000
10;2897.7428694699875;397.74286946998745;0.0;0;400;1000000
11;2897.7428694699875;397.74286946998745;0.0;0;400;1000000
12;2897.7428694699875;397.74286946998745;0.0;0;400;1000000
13;2600.0000635513206;100.00006355132064;0.0;0;400;1000000
14;2600.0000850392776;100.00008503927756;0.0;0;400;1000000
15;2897.7428694699875;397.74286946998745;0.0;0;400;1000000
16;2897.7428694699875;397.74286946998745;0.0;0;400;1000000
17;2897.7428694699875;397.74286946998745;0.0;0;400;1000000
18;2897.7428694699875;397.74286946998745;0.0;0;400;1000000
19;2897.7428694699875;397.74286946998745;0.0;0;400;1000000
20;2600.0002865669812;100.00028656698123;0.0;0;400;1000000
21;2897.7428694699875;397.74286946998745;0.0;0;400;1000000
22;2897.7428694699875;397.74286946998745;0.0;0;400;1000000
23;2897.7428694699875;397.74286946998745;0.0;0;400;1000000
24;2897.7428694699875;397.74286946998745;0.0;0;400;1000000
25;2600.0001195956697;100.00011959566973;0.0;0;400;1000000
26;2897.7428694699875;397.74286946998745;0.0;0;400;1000000
27;2897.7428694699875;397.74286946998745;0.0;0;400;1000000
28;2897.7428694699875;397.74286946998745;0.0;0;400;1000000
29;2897.7428694699875;397.74286946998745;0.0;0;400;1000000
